affix,meaning,origin,examples,type
"a- , an-","not, without ( alpha privative )","Greek ἀ-/ἀν- ( a-/an- ), not, without",analgesic; apathy; anencephaly,prefix
ab-,from; away from,Latin,abduction; abdomen,prefix
abdomin-,of or relating to the abdomen,"Latin abdōmen , abdomen, fat around the belly",abdominoplasty,prefix
-ac,pertaining to; one afflicted with,Greek -ακός ( -akós ),cardiac; celiac,suffix
acanth-,thorn or spine,"Greek ἄκανθα ( ákantha ), thorn",acanthocyte; acanthoma,prefix
acou- [ 1 ],of or relating to hearing,"Greek ἀκούειν ( akoúein ), ἀκουστικός ( akoustikós ), of or for hearing",acoustician,prefix
acr-,"extremity, topmost","Greek ἄκρον ( ákron ), highest or farthest point",acromegaly; acroosteolysis; acrosome,prefix
-acusis,hearing,"Greek ἀκουστικός ( akoustikós ), of or for hearing",hyperacusis,suffix
-ad,"toward, in the direction of","Latin ad , toward, to",dorsad; ventrad,suffix
ad-,"at, increase, on, toward","Latin ad- , to",adduction,prefix
aden-,of or relating to a gland,"Greek ἀδήν , ἀδέν- , ( adḗn, adén- ), an acorn; a gland",adenocarcinoma; adenology,prefix
adip-,of or relating to fat or fatty tissue,"Latin adeps , adip- , fat",adipocyte,prefix
adren-,of or relating to the adrenal glands,"Latin ad + rēnēs , kidneys",adrenal artery; adrenaline; adrenochrome,prefix
"-aemia , -ema , haemat- ( BrE )",blood condition,"Greek ἀναιμία ( anaimía ), without blood",anaemia,suffix
aer(o)-,"air, gas","Greek ἀήρ , ἀέρος ( aḗr, aéros )",aerosinusitis; aerophagia,prefix
aesthesi- ( BrE ),sensation,Greek αἴσθησις ( aísthēsis ),anaesthesia,prefix
-al,pertaining to,Latin -alis,abdominal; femoral,suffix
alb-,denoting a white or pale color,"Latin albus , white",albino; tunica albuginea,prefix
alge(si)-,pain,Greek ἄλγος ( álgos ),analgesic,prefix
"-algia , alg(i)- , alg(o)-",pain,Greek,myalgia,suffix
all-,"denoting something as different, or as an addition","Greek ἄλλος ( állos ), another, other",alloantigen; allopathy,prefix
ambi-,denoting something as positioned on both sides; describing both of two,"Latin ambi- , ambo , both, on both sides",ambidextrous,prefix
amnio-,Pertaining to the membranous fetal sac (amnion),Greek ἀμνίον ( ámnion ),amniocentesis,prefix
amph(i)-,on both sides,Greek ἀμφί ( amphí ),amphismela; amphiarthrosis,prefix
amyl(o)-,"starchy, carbohydrate-related","Latin amylum , starch",amylase; amylophagia,prefix
an-,"not, without ( alpha privative )",Greek,analgesia,prefix
ana-,"back, again, up",Greek ἀνα- ( ana- ),anaplasia,prefix
an-,anus,Latin,,prefix
andr-,pertaining to a man,"Greek ἀνήρ , ἀνδρ- ( anḗr, andr- ), male",android; andrology; androgen,prefix
angi-,blood vessel,Greek ἀγγεῖον ( angeîon ),angiogram; angioplasty,prefix
aniso-,describing something as unequal,"Greek ἄνισος ( ánisos ), unequal",anisocytosis; anisotropic,prefix
"ankyl- , ancyl-",denoting something as crooked or bent,"Greek ἀγκύλος ( ankúlos ), crooked, curved",ankylosis,prefix
ante-,describing something as positioned in front of another thing,"Latin āntē , before, in front of",antepartum,prefix
anthropo-,human,"Greek ἄνθρωπος ( ánthrōpos ), human",anthropology,prefix
anti-,describing something as 'against' or 'opposed to' another,"Greek ἀντί ( antí ), against",antibody; antipsychotic,prefix
apo-,"away, separated from, derived from",Greek ἀπό ( apó ),apoptosis; apocrine,prefix
archi-,"first, primitive",Greek ἀρχι- ( arkhi- ),archinephros,prefix
arsen(o)-,of or pertaining to a male; masculine,Greek ἀρσενικός ( arsenikós ),,prefix
arteri(o)-,of or pertaining to an artery,"Greek ἀρτηρία ( artēría ), a wind-pipe, artery (used distinctly versus a vein)",arteriole,prefix
arthr-,"of or pertaining to the joints, limbs","Greek ἄρθρον ( árthron ), a joint, limb",arthritis,prefix
articul-,joint,Latin articulus,articulation,prefix
-ary,pertaining to,Latin -arius,biliary tract; coronary,suffix
-ase,enzyme,"from Greek διάστασις ( δια- ( dia- , part, apart) + στάσις ( stásis , stand)), division",lactase,suffix
-asthenia,weakness,"Greek ἀσθένεια ( asthéneia ), sick, weak",myasthenia gravis,suffix
atel(o)-,imperfect or incomplete development,"Greek ἀτελής ( atelḗs ), without end, incomplete",atelectasis,prefix
ather-,"fatty deposit, soft gruel-like deposit",ἀθάρη ( athárē ),atherosclerosis,prefix
-ation,process,Latin,medication; eburnation,suffix
atri-,an atrium (esp. heart atrium),Latin,atrioventricular,prefix
aur-,of or pertaining to the ear,"Latin auris , the ear",aural,prefix
aut-,self,"Greek αὐτός , αὐτο- ( autós, auto- )",autoimmune; autophagy,prefix
aux(o)-,increase; growth,"Greek αὐξάνω , αὔξω ( auxánō, aúxō )",auxotrophy; auxology,prefix
axill-,of or pertaining to the armpit (uncommon as a prefix),"Latin axilla , armpit",axilla,prefix
azo(to)-,nitrogenous compound,"French azote , nitrogen; from Greek άζωτικός ( ázōtikós ) ἀ- ( a- , no, without) + ζωή ( zōḗ , life)), mephitic air",azotemia,prefix
bacillo-,"rod-shaped, typically referring to Bacillus spp.","Latin baculus , stick",bacillomycin,prefix
bacteri-,Pertaining to bacteria,"Latin bacterium ; Greek βακτήριον ( baktḗrion ), small staff",bacteriophage; bactericide,prefix
balan-,of the glans penis or glans clitoridis,"Greek βάλανος ( bálanos ), acorn, glans",balanitis,prefix
bas-,of or pertaining to base,"Greek βάσις ( básis ), foundation, base",,prefix
bi-,"twice, double",Latin bi-,,prefix
bio-,life,Greek βίος ( bíos ),biology,prefix
blast-,germinate or bud,Greek βλαστός ( blastós ),blastomere,prefix
blephar(o)-,of or pertaining to the eyelid,"Greek βλέφαρον ( blépharon ), eyelid",blepharoplasty,prefix
brachi(o)-,of or relating to the arm,"Latin bracchium , from Greek βραχίων ( brakhíōn ), arm",brachium of inferior colliculus,prefix
brachy-,indicating 'short' or less commonly 'little',"Greek βραχύς ( brakhús ), short, little, shallow",brachycephalic,prefix
brady-,slow,"Greek βραδύς ( bradús ), slow",bradycardia; bradyzoite,prefix
bronch(i)-,of or relating to the bronchus,"Latin bronchus ; Greek βρόγχος ( brónkhos ), windpipe",bronchitis; bronchiolitis obliterans,prefix
bucc(o)-,of or pertaining to the cheek,"Latin bucca , cheek",,prefix
burs(o)-,bursa (fluid sac between the bones),"Latin bursa , purse; Greek βύρσα ( búrsa ), hide, wine-skin",bursa; bursitis,prefix
capill-,of or pertaining to hair,"Latin capillus , hair",capillus,prefix
capit-,pertaining to the head as a whole,"Latin caput , capit- , the head",capitation,prefix
carcin-,cancer,"Greek καρκίνος ( karkínos ), crab",carcinoma,prefix
cardi-,of or pertaining to the heart,"Greek καρδία ( kardía ), heart",cardiology,prefix
carp-,of or pertaining to the wrist,"Latin carpus < Greek καρπός ( karpós ), wrist; NOTE: This root should not be confused with the mirror root carp(o)- meaning fruit.",carpopedal spasm,prefix
cata-,"down, under",Greek κατά ( katá ),catabolism; cataract,prefix
-cele,"pouching, hernia",Greek κήλη ( kḗlē ),hydrocele; varicocele,suffix
-centesis,surgical puncture for aspiration,Greek κέντησις ( kéntēsis ),amniocentesis; thoracentesis,suffix
cephal(o)-,of or pertaining to the head (as a whole),"Greek κεφαλή ( kephalḗ ), the head",cephalalgia; hydrocephalus,prefix
cerat(o)-,of or pertaining to the cornu ; a horn,"Greek κέρας , κερατ- ( kéras, kerat- ), a horn",ceratoid,prefix
cerebell(o)-,of or pertaining to the cerebellum,"Latin cerebellum , little brain",cerebellum,prefix
cerebr(o)-,of or pertaining to the brain,"Latin cerebrum , brain",,prefix
cervic-,of or pertaining to the neck or the cervix,"Latin cervix , cervīc- ), neck, cervix",,prefix
cheil-,of or pertaining to the lips,"Greek χεῖλος ( kheîlos ), lip, mouth, beak",angular cheilitis,prefix
chem(o)-,"chemistry, drug",Greek χημεία ( khēmeía ),chemotherapy,prefix
"chir- , cheir-",of or pertaining to the hand,"Greek χείρ , χειρο- ( kheír, kheiro- ), hand",chiropractor,prefix
chlor-,denoting a green color,"Greek χλωρός ( khlōrós ), green, yellow-green",chlorophyll,prefix
"bil(i)- , chol(e)-",of or pertaining to bile,"Greek χολή ( kholḗ ), bile",cholaemia; cholemia; cholecystitis,prefix
cholecyst(o)-,of or pertaining to the gallbladder,"Greek χοληκύστις ( kholēkústis ), gallbladder < χολή ( kholḗ ), bile, gall + κύστις ( kústis ), bladder",cholecystectomy,prefix
"chondr(i)- , chondr(o)-","cartilage, gristle, granule, granular",Greek χονδρός ( khondrós ),chondrocalcinosis,prefix
chrom(ato)-,color,Greek χρῶμα ( khrôma ),hemochromatosis,prefix
"-cidal , -cide","killing, destroying","Latin -cīda , cutter, killer",bacteriocidal,suffix
cili-,"of or pertaining to the cilia , the eyelashes; eyelids","Latin cilium , eyelash; eyelid",ciliary,prefix
circum-,denoting something as 'around' another,"Latin circum , around",circumcision,prefix
cis-,on this side,Latin cis,cisgender,prefix
-clast,break,"Greek κλαστός ( klastós ), broken",osteoclast,suffix
clostr-,spindle,"Greek κλωστήρ ( klōstḗr ), spindle, thread",Clostridium,prefix
co-,"with, together, in association",Latin co-,coenzymes,prefix
"-coccus , -coccal","round, spherical","Greek κόκκος ( kókkos ), berry, seed",Streptococcus,suffix
"col- , colo- , colono-",colon,Greek κόλον ( kólon ),colonoscopy,prefix
colp-,of or pertaining to the vagina,"Greek κόλπος ( kólpos ), bosom, womb; hollow, depth",colposcopy,prefix
com-,"with, together",Latin cum,,prefix
contra-,against,Latin contrā,contraindication,prefix
cor-,"with, together",Latin cor-,,prefix
cor-,of or pertaining to the eye's pupil,"Greek κόρη ( kórē ), girl, doll; pupil of the eye",corectomy,prefix
cord(i)-,of or pertaining to the heart ( uncommon as a prefix ),"Latin cor , heart",commotio cordis,prefix
cornu-,applied to describing processes and parts of the body as likened or similar to horns,"Latin cornū , horn",greater cornu,prefix
coron-,pertaining to the heart,Latin corōna,coronary heart disease,prefix
cortic-,"cortex, outer region","Latin cortex , bark of a tree",corticosteroid,prefix
cost-,of or pertaining to the ribs,"Latin costa , rib",costochondral,prefix
cox-,"of or relating to the hip , haunch, or hip-joint","Latin coxa , hip",coxopodite,prefix
crani(o)-,belonging or relating to the cranium,"Latin cranium , from Greek κρᾱνίον ( krāníon ), cranium, skull, bones enclosing the brain",craniology,prefix
"-crine , crin(o)-",to secrete,"Greek κρίνω ( krínō ), separate, divide, discern",endocrine,suffix
cry(o)-,cold,"Greek κρύος ( krúos ), cold, frost",cryoablation,prefix
cutane-,skin,Latin cutis,subcutaneous,prefix
cyan(o)-,having a blue color,"Greek κύανος , κυάνεος ( kúanos, kuáneos , blue, of the color blue)",cyanopsia; cyanosis,prefix
cycl-,"circle, cycle",Greek κύκλος ( kúklos ),cyclosis,prefix
cyph(o)-,denotes something as bent ( uncommon as a prefix ),"Greek κυφός ( kuphós ), bent, hunchback",cyphosis,prefix
"cyst(o)- , cyst(i)-",of or pertaining to the urinary bladder,"Greek κύστις ( kústis ), bladder, cyst",cystostomy,prefix
"cyt(o)- , -cyte",cell,"Greek κύτος ( kútos ), a hollow, vessel",cytokine; leukocyte; cytoplasm,suffix
dacry(o)-,of or pertaining to tears,"Greek δάκρυ , tear",dacryoadenitis; dacryocystitis,prefix
-dactyl(o)-,"of or pertaining to a finger, toe","Greek δάκτυλος ( dáktulos ), finger, toe",dactylology; polydactyly,suffix
de-,"from, down, or away from",Latin de-,dehydrate,prefix
dent-,of or pertaining to teeth,"Latin dens , dentis , tooth",dentifrice; dentist; dentition,prefix
"dermat(o)- , derm(o)-",of or pertaining to the skin,"Greek δέρμα, δέρματος ( dérma, dérmatos ), skin, human skin",dermatology,prefix
-desis,binding,Greek δέσις ( désis ),arthrodesis,suffix
dextr(o)-,"right, on the right side",Latin dexter,dextrocardia,prefix
di-,two,Greek δι-,diplopia,prefix
"di- , dif- , dis-","apart, separation, taking apart","Latin dis- , dif- , di-",dissection,prefix
dia-,"through, during, across","Greek διά ( diá ), through, during, across",dialysis,prefix
digit-,of or pertaining to the finger [rare as a root],"Latin digitus , finger, toe",digit,prefix
diplo-,twofold,Greek διπλόος ( diplóos ),diploid,prefix
-dipsia,(condition of) thirst,Greek δίψα ( dípsa ),dipsomania; hydroadipsia; oligodipsia; polydipsia,suffix
"dors(o)- , dors(i)-",of or pertaining to the back,"Latin dorsum , back",dorsal; dorsocephalad,prefix
"drom(o)- , drom(e)-","running, conduction, course",Greek δρόμος ( drómos ),dromotropic; syndrome,prefix
duodeno-,twelve,Latin duodeni,duodenal atresia; duodenum,prefix
dura-,hard,Latin durus,dura mater,prefix
dynam(o)-,"force, energy, power",Greek δύναμις ( dúnamis ),,prefix
-dynia,pain,Greek ὀδύνη ( odúnē ),vulvodynia,suffix
dys-,"bad, difficult, defective, abnormal",Greek δυσ- ( dus- ),dysentery; dysphagia; dysphasia,prefix
-eal (see -al ),pertaining to,"English -al , from Latin -ālis",corneal; esophageal; perineal,suffix
ec-,"out, away","Greek ἐκ ( ek ), out of, from",ectopia; ectopic pregnancy,prefix
ect(o)-,"outer, outside",Greek ἐκτός ( ektós ),ectoblast; ectoderm,prefix
"-ectasia , -ectasis","expansion, dilation",Greek ἔκτασις ( éktasis ),bronchiectasis; telangiectasia,suffix
-ectomy,"denotes a surgical operation or removal of a body part; resection, excision","Greek ἐκτομή ( ektomḗ ), excision",mastectomy,suffix
-edema,swelling,"Greek οἴδημα ( oídēma ), swelling",lymphedema; lipedema,suffix
-emesis,vomiting condition,Greek ἕμεσις ( hémesis ),hematemesis,suffix
-emia,blood condition (Am. Engl.),"Greek αἷμα ( haîma ), ""blood""",anemia,suffix
encephal(o)-,of or pertaining to the brain; see also cerebro-,"Greek ἐγκέφαλος ( enképhalos ), the brain",encephalogram,prefix
endo-,denotes something as inside or within,"Greek ἔνδον ( éndon ), inside, internal",endocrinology; endospore,prefix
eosin (o)-,having a red color,"Greek ἠώς ( ēṓs ), dawn, daybreak, morning red, goddess of the dawn ( Ἠώς , Ēṓs )",eosinophil granulocyte,prefix
enter(o)-,of or pertaining to the intestine,"Greek ἔντερον ( énteron ), intestine",gastroenterology,prefix
epi-,"on, upon","Greek ἐπι- ( epi- ), before, upon, on, outside, outside of",epicardium; epidermis; epidural; episclera; epistaxis,prefix
episi(o)-,"of or pertaining to the pubic region, the loins","Greek ἐπίσιον ( epísion ), the pubic area, loins; vulva",episiotomy,prefix
erythr(o)-,having a red color,"Greek ἐρυθρός ( eruthrós ), red",erythrocyte,prefix
"-esophageal , -esophago-",gullet ( AmE ),Greek οἰσοφάγος ( oisophágos ),esophagus,suffix
esthesio-,sensation ( AmE ),"Greek αἴσθησις ( aísthēsis ), to perceive",esthesioneuroblastoma; esthesia,prefix
eu-,"true, good, well, normal",εὖ ( eû ),eukaryote; euglycemia,prefix
ex-,"out of, away from, to remove",Latin ex-,excision; exsanguination,prefix
exo-,"denotes something as ""outside"" another","Greek ἔξω ( éxō ), outside of, external",exophthalmos; exoskeleton,prefix
extra-,outside,"Latin extra , outside of, beyond",extradural hematoma,prefix
faci-,of or pertaining to the face,"Latin faciēs , the face, countenance",faciocardiorenal syndrome,prefix
fibr-,fiber,"Latin fibra , fiber, filament, entrails [ 2 ]",fibrin; fibrinous pericarditis; fibroblast,prefix
fil-,"fine, hair-like","Latin fīlum , thread",myofilament; filum terminale,prefix
foramino-,"hole, opening, or aperture, particularly in bone",Latin forāmen,foraminotomy,prefix
-form,"used to form adjectives indicating ""having the form of""","Latin fōrma , form, shape",cuneiform,suffix
fore-,before or ahead,"Old English fōr(e)- , before, in front of",foregut,prefix
front-,of or pertaining to the forehead,"Latin frōns , front- , the forehead",frontotemporal dementia,prefix
galact-,milk,"Greek γάλα , γαλακτ- ( gála, galakt- )",galactorrhea,prefix
gastr-,of or pertaining to the stomach,"Greek γαστήρ , γαστρ- ( gastḗr, gastr- ), stomach, belly",gastroenterology; gastropod,prefix
-gen,"*born in, from of a certain kind","Greek -γενής ( -genḗs ), from γεν-νάειν ( gen-náein ), to be born",endogen; heterogenous,suffix
-genic,formative; pertaining to producing,Greek -γενής ( -genḗs ),cardiogenic shock,suffix
genu-,of or pertaining to the knee,"Latin genū , knee",genu valgum,prefix
-geusia,taste,Greek γεῦσις ( geûsis ),ageusia; dysgeusia; hypergeusia; hypogeusia; parageusia,suffix
gingiv-,of or pertaining to the gums,"Latin gingīva , gum",gingivitis,prefix
glauc(o)-,Having a grey or bluish-grey colour,"Greek γλαυκός ( glaukós ), grey, bluish-grey",glaucoma,prefix
"gloss(o)- , glott(o)-",of or pertaining to the tongue,"Greek γλῶσσα , γλῶττα ( glôssa, glôtta ), tongue",glossology,prefix
gluco-,sweet,"Greek γλυκύς ( glukús ), sweet",glucocorticoid,prefix
glyc-,sugar,"Greek γλυκύς ( glukús ), sweet",glycolysis,prefix
gnath-,of or pertaining to the jaw,"Greek γνάθος ( gnáthos ), jaw",gnathodynamometer,prefix
-gnosis,knowledge,"Greek γνῶσις ( gnôsis ), inquiry, knowledge",diagnosis; prognosis,suffix
gon-,"seed, semen ; reproductive","Greek γόνος ( gónos ), fruit, seed, procreating",gonorrhea,prefix
"-gram , -gramme",record or picture,"Greek γράμμα ( grámma ), picture, letter, writing",angiogram; sonogram,suffix
-graph,instrument used to record data or picture,"Greek -γραφία ( -graphía ), written, drawn, graphic interpretation",electrocardiograph; electromyograph,suffix
-graphy,process of recording,"Greek -γραφία ( -graphía ), written, drawn, graphic interpretation",angiography,suffix
"gyno- , gynaeco- ( BrE ), gyneco- ( AmE )",woman,"Greek γυνή , γυναικ ( gunḗ, gunaik )",gynaecology; gynecomastia; gynoecium,prefix
halluc-,to wander in mind,"Latin ālūcinor , to wander in mind",hallucinosis,prefix
"hem(at)- , haem(ato)-",of or pertaining to blood,"Latin hæma [ citation needed ] , from Greek αἷμα , αἱματ- ( grc ), blood",hematology; haematology,prefix
"hema- , hemo-",blood ( AmE ),"Greek αἷμα , ( grc ), blood",hemoglobin,prefix
hemangi(o)-,blood vessels,"Greek αἷμα , ( grc ), blood, + ἀγγεῖον ( angeîon ), vessel, urn",hemangioma,prefix
hemi-,one-half,"Greek ἡμι- ( hēmi- ), half",cerebral hemisphere,prefix
"hepat- , hepatic-",of or pertaining to the liver,"Greek ἧπαρ , ἠπᾰτ- ( hêpar, ēpat- ), the liver",hepatology; hepatitis,prefix
heter(o)-,"denotes something as ""the other"" (of two), as an addition, or different","Greek ἕτερος ( héteros ), the other (of two), another; different",heterogeneous,prefix
hidr(o)-,sweat,"Greek ἱδρώς , ἱδρωτ- ( hidrṓs, hidrōt- ), sweat, perspiration",hyperhidrosis,prefix
"hist(o)- , histio-",tissue,"Greek ἱστός ( histós ), web, tissue",histology,prefix
home(o)-,similar,"Greek ὅμοιος ( homoios ), like, resembling, similar",homeopathy,prefix
hom(o)-,"denotes something as ""the same"" as another or common","Greek ὁμός ( homós ), the same, common",homosexuality; homozygote,prefix
humer(o)-,of or pertaining to the shoulder (or [rarely] the upper arm),"Latin umerus , shoulder",humerus,prefix
hydr(o)-,water,"Greek ὕδωρ ( húdōr ), water",hydrophobe,prefix
hyper-,extreme or beyond normal,"Greek ὑπέρ ( hupér ), over, above; beyond, to the extreme",hypertension; hypertrichosis,prefix
hyp(o)-,below [ 3 ],"Greek ὑπό , ὑπο- ( hupó ), below, under",hypovolemia; hypoxia; hypoglossal nerve,prefix
hyster(o)-,of or pertaining to the womb or the uterus,"Greek ὑστέρα ( hustéra ), womb",hysterectomy; hysteria,prefix
-ia,indicates a disease or abnormal condition,Latin and Greek,,suffix
-iasis,"condition, formation, or presence of","Latin -iasis , pathological condition or process; from Greek ἴασις ( íasis ), cure, repair, mend",mydriasis,suffix
iatr(o)-,of or pertaining to medicine or a physician ( uncommon as a prefix but common as a suffix; see -iatry ),"Greek ἰατρός ( iatrós ), healer, physician",iatrochemistry; iatrogenesis,prefix
-iatry,denotes a field in medicine emphasizing a certain body component,"Greek ἰατρός ( iatrós ), healer, physician",podiatry; psychiatry,suffix
-ic,pertaining to,Greek -ικός ( -ikós ),hepatic artery,suffix
-ics,"organized knowledge, treatment","Latin -icus , collection of related things, theme; cognate with Greek -ικός ( ikós ), of, pertaining to",obstetrics,suffix
idio-,"self, one's own","Greek ἴδιος ( ídios ), one's own",idiopathic,prefix
ileo-,ileum,"Greek εἰλεός ( eileós ), to shut in, intestinal obstruction",ileocecal valve,prefix
ilio-,ilium,Latin groin or flank,iliocostalis,prefix
infra-,below,"Latin īnfrā , below",infrahyoid muscles,prefix
inter-,"between, among",Latin inter,interarticular ligament,prefix
intra-,within,Latin intrā,intramural,prefix
ipsi-,same,Latin ipsi-,ipsilateral,prefix
irid(o)-,of or pertaining to the iris,"Latin īrīs , rainbow; from Greek ἶρις ( îris ), rainbow",iridectomy,prefix
isch-,restriction,"Greek ἴσχω ( ískhō ), hold back, restrain",ischemia,prefix
ischio-,"of or pertaining to the ischium , the hip-joint","Greek ἰσχίον ( iskhíon ), hip-joint, ischium",ischioanal fossa,prefix
-ine,of or pertaining to,"Latin -īnus , of or pertaining to; cognate with Greek -ινος , added to form adjectives relating to material, time, and so on",morphine,suffix
-ism,"condition, state of things, sometimes (though not necessarily) disease","Greek -ισμός ( -ismós ), suffix forming abstract nouns of state, condition, doctrine",bipedalism; organism; metabolism; giantism; dwarfism,suffix
-ismus,"spasm , contraction",Greek -ισμός,hemiballismus,suffix
iso-,equal,"Greek ἴσος ( ísos ), equal",isotonic,prefix
-ist,one who specializes in,"Greek -ιστής ( -istḗs ), agent noun, one who practices",pathologist,suffix
-ite,"the nature of, resembling","Latin -ītēs , those belonging to, from Greek -ίτης ( -ítēs )",dendrite,suffix
-itis,inflammation,"Greek -ῖτις ( -îtis ) fem. form of -ίτης ( -ítēs ), pertaining to, because it was used with the feminine noun νόσος ( nósos , disease), thus -îtis nósos , disease of the, disease pertaining to",tonsillitis,suffix
-ium,"structure, tissue","Latin -ium , aggregation or mass of (such as tissue)",pericardium,suffix
juxta-,"near to, alongside, or next to",Latin iuxta,juxtaglomerular apparatus,prefix
kal-,potassium,"New Latin kalium , potassium",hyperkalemia,prefix
kary- [ 4 ],nucleus,"Greek κάρυον ( káruon ), nut",eukaryote,prefix
kerat- [ 5 ],cornea (eye or skin),"Greek κέρας ( kéras ), horn",keratoscope,prefix
kine- [ 6 ],movement,"Greek κινέω ( kinéō ), to move, to change",akinetopsia; kinesthesia,prefix
koil- [ 7 ],hollow,Greek κοῖλος ( koîlos ),koilocyte,prefix
kyph- [ 8 ],humped,"Greek κυφός ( kuphós ), bent forward, stooping, hunchbacked",kyphoscoliosis,prefix
labi-,of or pertaining to the lip,"Latin labia , labium , lip",labiodental,prefix
lacrim(o)-,tear,"Latin lacrima , tear from crying",Lacrimal canaliculi,prefix
"lact(i)- , lact(o)",milk,"Latin lac , milk",lactation; lactose,prefix
lapar(o)-,"of or pertaining to the abdominal wall, flank","Greek λαπάρα ( lapára ), flank",laparotomy,prefix
laryng(o)-,"of or pertaining to the larynx , the lower throat cavity where the voice box is","Greek λᾰ́ρυγξ , ( lárunx ), throat, gullet",laryngoscopy,prefix
latero-,lateral,"Latin laterālis , lateral, of or belonging to the side",lateral pectoral nerve,prefix
lei(o)-,smooth,"Greek λεῖος ( leîos ), smooth",leiomyoma,prefix
"-lepsis , -lepsy , -leps-","attack, seizure","Greek λῆψις ( lêpsis ), seizure",epilepsy; narcolepsy,suffix
lept(o)-,"light, slender","Greek λεπτός ( leptós ), thin, lean",,prefix
"leuc(o)- , leuk(o)-",denoting a white color,"Greek λευκός ( leukós ), white, bright, pale",leukocyte,prefix
"lingu(a)- , lingu(o)-",of or pertaining to the tongue,"Latin lingua , tongue, speech, language",linguistics,prefix
lip(o)-,fat,"Greek λίπος ( lípos ), fat, lard",liposuction,prefix
liss(os)-,smooth,"Greek Λισσός ( Lissós ), smooth",lissencephaly,prefix
lith(o)-,"stone , calculus",Greek λῐ́θος ( líthos ),lithotripsy,prefix
log(o)-,speech,Greek λόγος ( lógos ),Logopenic progressive aphasia,prefix
-logist,denotes someone who studies a certain field (the field of _____-logy); a specialist; one who treats,"Greek λογιστής ( logistḗs ), studier, practitioner (lit., accountant)",oncologist; pathologist,suffix
-logy,denotes the academic study or practice of a certain field; the study of,Greek -λογῐ́ᾱ ( -logíā ) base noun for the study of something,hematology; urology,suffix
"lumb(o)- , lumb(a)-",of or relating to the part of the trunk between the lowest ribs and the pelvis.,"Latin lumbus or lumbaris , loin",lumbosacral plexus,prefix
lymph(o)-,lymph,"Latin lympha , water",lymphedema,prefix
"lys(o)- , -lytic",dissolution,"Greek λῠ́σῐς ( lúsis ), loosen, release, + -ic",lysosome,suffix
-lysis,"destruction, separation","Greek λῠ́σῐς ( lúsis ), loosen, release",paralysis,suffix
macr(o)-,"large, long","Greek μᾰκρός ( makrós ), long, tall",macrophage,prefix
-malacia,softening,"Greek μαλακία ( malakía ), soft, weak, self-indulgent",osteomalacia,suffix
mamm(o)-,of or pertaining to the breast,"Latin mamma , breast, udder",mammogram,prefix
mammill(o)-,of or pertaining to the nipple,"Latin mammilla , nipple",mammillaplasty; mammillitis,prefix
manu-,of or pertaining to the hand,"Latin manus , hand",manufacture,prefix
mast(o)-,of or pertaining to the breast,"Greek μαστός ( mastós ), breast, woman's breast, man's pectoral muscle",mastectomy,prefix
"meg(a)- , megal(o)- , -megaly","enlargement, million","Greek μέγᾰς ( mégas ), big, large, great, mighty",splenomegaly; megameter,suffix
melan(o)-,having a black color,"Greek μέλᾱς , μελανο- ( mélās, melano- ), black, dark",melanin,prefix
mening(o)-,membrane,Greek μῆνῐγξ ( mêninx ),meninges; meningitis,prefix
men-,"month, menstrual cycle","Greek μήν ( mḗn ), month",menopause; menorrhagia,prefix
mer(o)-,part,"Greek μέρος ( méros ), part, component, region",merocrine; meroblastic,prefix
mes-,middle,"Greek μέσος ( mésos ), middle, between, half",mesoderm; mesothelium,prefix
met(a)-,"after, beside, beyond or change","Greek μετᾰ́ ( metá ), with, among, along with, in common with",metacarpal; metacarpus; metanephros; metatheria,prefix
-meter,instrument used to measure or count,"Greek μέτρον ( métron ), measure or property, something used to measure",sphygmomanometer; thermometer,suffix
-metry,"process of measuring, -meter + -y (see -meter )",Greek μέτρον ( métron ),optometry,suffix
metr-,pertaining to conditions or instruments of the uterus,"Greek μήτρᾱ ( mḗtrā ), womb, uterus",metrorrhagia,prefix
micr-,"millionth; denoting something as small, relating to smallness","Greek μῑκρός ( mīkrós ), small",microscope,prefix
milli-,thousandth,"Latin mille , thousand",milliliter,prefix
mon-,single,Greek μονός ( monós ),infectious mononucleosis,prefix
morph-,"form, shape",Greek μορφή ( morphḗ ),morphology,prefix
muscul(o)-,muscle,"Latin mūsculus , muscle (lit. mouse-like, due to mouse-shaped appearance of some muscles; loanword from Greek μῦς ( mûs ), mouse, + Latin -culus , diminutive suffix)",musculoskeletal system,prefix
my(o)-,of or relating to muscle,"Greek μῦς , μυ- ( mûs, mu- ), muscle, mouse, mussel",myoblast,prefix
myc(o)-,fungus,"Greek μύκης , μυκητ- ( múkēs, mukēt- ), mushroom or fungus",onychomycosis; otomycosis,prefix
myel(o)-,of or relating to bone marrow or the spinal cord,"Greek μυελός ( muelós ), marrow, bone-marrow",myelin sheath; myeloblast,prefix
myl(o)-,of or relating to molar teeth or the lower jaw,"Greek μῠ́λη ( múlē , mill, grind, molars",mylohyoid nerve,prefix
myring(o)-,eardrum,"Latin myringa , eardrum",myringotomy,prefix
myx(o)-,mucus,"Greek μύξᾰ ( múxa ), mucus, nasal discharge",myxoma,prefix
nan(o)-,"dwarf, small","Greek νᾶνος ( nânos ), dwarf",nanogram; nanosecond,prefix
narc(o)-,"numb, sleep","Greek νάρκη ( nárkē ), numbess, torpor",narcolepsy,prefix
nas(o)-,of or pertaining to the nose,"Latin nāsus , nose",,prefix
nat(o)-,birth,"Latin nātus , born, arisen, made",neonatology,prefix
necr(o)-,death,"Greek νεκρός ( nekrós ), dead body, corpse, dying person",necrosis; necrotizing fasciitis,prefix
neo-,new,"Greek νέος ( néos ), young, youthful, new, fresh",neoplasm,prefix
nephr(o)-,of or pertaining to the kidney,"Greek νεφρός ( nephrós ), kidney",nephrology,prefix
nerv-,of or pertaining to nerves and the nervous system ( uncommon as a root: neuro- mostly always used ),"Latin nervus , tendon, nerve; cognate with Greek νεῦρον ( neûron ), tendon, string, nerve",nerve; nervous system,prefix
neur-,of or pertaining to nerves and the nervous system,"Greek νεῦρον ( neûron ), tendon, sinew, nerve",neurofibromatosis,prefix
noci-,"pain, injury , hurt",Latin noceō,nociception,prefix
"norm- , normo-",normal,"Latin nōrma , norm or standard; lit. carpenter's square",normocapnia,prefix
ocul-,of or pertaining to the eye,"Latin oculus , the eye",oculist,prefix
odont-,of or pertaining to teeth,"Greek ὀδούς , ὀδοντ- ( odoús, odont- ), tooth",orthodontist,prefix
-odyn-,pain,Greek ὀδύνη ( odúnē ),allodynia,suffix
"-oesophageal, oesophago- ( BrE )",gullet,Greek οἰσοφᾰ́γος ( oisophágos ),oesophagogastroduodenoscopy,suffix
-oid,resemblance to,"Greek -ειδής ( -eidḗs ), like, connected to, pertaining to",sarcoidosis,suffix
-ole,small or little,"Latin -olus , suffix to form a diminutive of the noun",arteriole,suffix
olig-,"having little, having few","Greek ὀλῐ́γος ( olígos ), few",oligotrophy,prefix
om(o)-,shoulder,"Greek ὦμος ( ômos ), shoulder",omohyoid muscle,prefix
"-oma (singular), -omata (plural)","tumor , mass, fluid collection","Greek -μα ( -ma ), suffix added to verbs to form nouns indicating the result of a process or action; cf. English -tion",sarcoma; teratoma; mesothelioma,suffix
omphal(o)-,"of or pertaining to the navel, the umbilicus","Greek ὀμφαλός ( omphalós ), navel, belly-button",omphalotomy,prefix
onco-,"tumor, bulk, volume",Greek ὄγκος ( ónkos ),oncology,prefix
-one,,,hormone,suffix
onych(o)-,of or pertaining to the nail (of a finger or toe),"Greek ὄνυξ , ὀνυχο- ( ónux, onukho- ), nail; claw; talon",onychophagy,prefix
oo-,"of or pertaining to an (egg), a woman's egg, the ovum","Greek ᾠόν , ᾠο- ( ōión, ōio- ), egg, ovum",oogenesis,prefix
oophor(o)-,of or pertaining to the woman's (ovary),"Neoclassical Greek ᾠοφόρον ( ōiophóron ), ovary, egg-bearing",oophorectomy,prefix
ophthalm(o)-,of or pertaining to the (eye),"Greek ὀφθαλμός ( ophthalmós ), the eye",ophthalmology,prefix
opistho-,"back, behind, rear [ 9 ]","Greek ὄπῐσθεν ( ópisthen ), behind, at the back",opisthotonus,prefix
-opsy,examination or inspection,"Greek ὄψῐς ( ópsis ), view",biopsy; autopsy,suffix
optic(o)-,of or relating to chemical properties of the eye,"Middle French optique ; from Greek ὀπτῐκός ( optikós ); cognate with Latin oculus , relating to the eye",,prefix
or(o)-,of or pertaining to the mouth,"Latin ōs , ōris , mouth",oral,prefix
-or,"one who, agent noun–forming suffix",generally appended where Latin would do it—to the root of a Latin-type perfect passive participle. Cf. -er,,suffix
"orchi(o)- , orchid(o)- , orch(o)-",testis,"Greek ὄρχις ( órkhis ), testicle, ovary",orchiectomy; orchidectomy,prefix
orth(o)-,denoting something as straight or correct,"Greek ὀρθός ( orthós ), straight, correct, normal",orthodontist,prefix
-osis,"a condition, disease , process or increase","Greek -ωσις ( -ōsis ), state, abnormal condition, action",Harlequin type ichthyosis; psychosis; osteoporosis; phagocytosis,suffix
"ossi- , osse-","bone , bony","Latin os , bone",peripheral ossifying fibroma; osseous,prefix
"ost(e)- , oste(o)-",bone,"Greek ὀστέον ( ostéon ), bone",osteoporosis; osteoarthritis,prefix
ot(o)-,of or pertaining to the ear,"Greek οὖς , ὠτ- ( oûs, ōt- ), the ear",otology; otosclerosis,prefix
-ous,pertaining to,"Latin -ōsus , full of, prone to",porous,suffix
ovari(o)-,of or pertaining to the ovaries,"Latin ōvarium , ovary",ovariectomy,prefix
"ovo- , ovi- , ov-","of or pertaining to the eggs, the ovum","Latin ōvum , egg, ovum",ovogenesis; ovoviviparity,prefix
"oxo- , -ox(i)-",oxygen,"Greek ὀξύς , sharp, acid",oxidative phosphorylation,suffix
oxy-,"sharp, acid , acute; oxygen","borrowed from French oxygène (originally principe oxigine , 'acidifying principle', referring to oxygen's role in the formation of acids, from Greek ὀξύς ( oxús ), sharp, pointed + γένος ( génos ), birth)",oxytocin; oxycodone,prefix
pachy-,thick,"Greek πᾰχῠ́ς ( pakhús ), thick, large, stout",pachyderma; pachymeningitis,prefix
-pagus,"Indicates conjoined twins , with the first part denoting the organs fused","Greek πάγος ( págos ), fixed, set, fastened",xiphopagus; parapagus dicephalus; craniopagus parasiticus,suffix
palpebr-,of or pertaining to the eyelid ( uncommon as a root ),"Latin palpebra , eyelid",palpebration,prefix
"pan- , pant(o)-","complete or containing everything, all","Greek πᾶς , παν- ( pâs, pan- ), all, every",panophobia; panopticon; pancytopenia,prefix
papill-,of or pertaining to the nipple (of the chest/breast),"Latin papilla , nipple; diminutive of papula (see below)",papillitis,prefix
papul(o)-,"small elevation or swelling in the skin, a pimple, swelling","Latin papula , pimple, pustle; a small elevation or swelling in the skin",papulation,prefix
para-,alongside of,Greek πᾰρᾰ́ ( pará ),parathyroid,prefix
-paresis,slight paralysis,Greek πάρεσις ( páresis ),hemiparesis,suffix
parvo-,small,"Latin parvus , small, little, unimportant",Parvovirus,prefix
path(o)-,disease,"Greek πᾰ́θος ( páthos ), pain, suffering, condition",pathology,prefix
-pathy,disease or disorder,"Greek πᾰ́θος ( páthos ), suffering, accident",sociopathy; neuropathy,suffix
pauci-,Few,Latin paucus,pauci-immune,prefix
pector-,breast or chest,Latin pectus,expectorant; pectoriloquy,prefix
"ped- , -ped- , -pes",of or pertaining to the foot; -footed,"Latin pēs , pēd- , foot",pedoscope; orthopedic,suffix
"ped- , pedo-",of or pertaining to the child,"Greek παῖς , παιδός ( paîs, paidós ), child",pediatrics; pedophilia,prefix
"pelv(i)- , pelv(o)-",hip bone,"Latin pelvis , basin",abdominopelvic cavity,prefix
-penia,deficiency,"Greek πενῐ́ᾱ , poverty, indigence",osteopenia,suffix
peo-,of or pertaining to the penis,Greek πέος ( péos ),peotomy,prefix
-pepsia,relating to digestion or the digestive tract.,"Greek πεπτός ( peptós ), cooked, digested < πέσσω ( péssō ), I boil, cook; digest",dyspepsia,suffix
per-,through,"Latin per , through, by means of",percutaneous,prefix
peri-,surrounding or around,"Greek περῐ́ ( perí ), around, about, concerning",periodontal,prefix
-pexy,fixation,"Greek πῆξις ( pêxis ), fixing in place, fastening",nephropexy,suffix
phaco-,lens-shaped,"Greek φᾰκός ( phakós ), lentil-bean",phacolysis; phacoemulsification,prefix
"-phagia , -phage",eating or ingestion,"Greek φαγία ( phagía ) eating < φᾰγεῖν ( phageîn ), to eat",trichophagia,suffix
-phago-,"eating, devouring","Greek -φᾰ́γος ( -phágos ), eater of, eating",phagocyte,suffix
phagist-,eater of,Greek φαγιστής ( phagistḗs ) eater; see -phagia,geophagist,prefix
-phagy,feeding on,Greek φαγία ( phagia ) eating; see -phagia,hematophagy,suffix
phall-,phallus,"Greek φαλλός ( phallós ), penis",aphallia,prefix
pharmac-,"drug, medication","Greek φάρμᾰκον ( phármakon ), witchcraft, drug",pharmacology,prefix
pharyng-,pertaining to the pharynx,"Greek φᾰ́ρῠγξ , φαρυγγ- ( phárunx, pharung- ), throat, windpipe; chasm",pharyngitis; pharyngotonsillitis,prefix
-phil(ia),attraction for,"Greek φῐλῐ́ᾱ ( philíā ), friendship, love, affection",hemophilia,suffix
phleb-,"of or pertaining to the (blood) veins, a vein","Greek φλέψ , φλεβ- ( phléps, phleb- ), blood-vessel, vein",phlebography; phlebotomy,prefix
-phobia,"exaggerated fear, sensitivity, aversion","Greek φόβος ( phóbos ), terror, fear, flight, panic",arachnophobia,suffix
phon-,sound,Greek φωνή ( phōnḗ ),phonocardiogram,prefix
phos-,"of or pertaining to light or its chemical properties, now historic and used rarely. See the common root phot- below.","Greek φῶς , φᾰ́ος , φωτ- ( phôs, pháos ), light",phosphene,prefix
phot-,of or pertaining to light,"Greek φωτω- ( phōtō- ), < φῶς ( phôs ), light",photophobia,prefix
"phren- , phrenic-",the mind,"Greek φρήν ( phrḗn ), intellect, wits, mind",phrenic nerve; schizophrenia,prefix
phyllo-,leaf-like,"Greek φῠ́λλον ( phúllon ), leaf, foliage, plant",phyllodes tumour; theophylline,prefix
"-phyte , phyto-",to grow,"Greek φῠτόν ( phutón ), plant, tree",enthesophyte,suffix
piri-,pear-shaped,"Latin pirum , cognate with Greek ἄπιον ( ápion ), pear",piriformis muscle,prefix
-plasia,"formation, development","Greek πλᾰ́σῐς ( plásis ), moulding, conformation",achondroplasia,suffix
-plasty,"surgical repair, reconstruction","Greek πλαστός ( plastós ), molded, formed",rhinoplasty,suffix
-plegia,paralysis,"Greek πληγή ( plēgḗ ), stroke (from a sword), from πληγή ( plēgḗ ), to strike or smite",paraplegia,suffix
pleio-,"more, excessive, multiple","Greek πλεῖον ( pleîon ), more",pleiotropic,prefix
pleur-,of or pertaining to the ribs,"Greek πλευρᾱ́ ( pleurā́ ), rib, side of the body",pleuropneumonia,prefix
-plexy,stroke or seizure,"Greek πλήσσω , πλήσσειν ( plḗssō, plḗssein ), to strike or smite",cataplexy,suffix
"pne- , pneum-","air, breath, lung","Greek πνεῖν ( pneîn ), πνεῦμα, πνεύματος ( pneûma, pneúmatos ), πνεύμων ( pneúmōn )",apnea; pneumatology; pneumonocyte; pneumonia,prefix
"pod- , -pod- , -pus","of or pertaining to the foot, -footed","Greek πούς, ποδ- ( poús, pod- ), foot",podiatry,suffix
-poiesis,production,"Greek ποίησις ( poíēsis ), poetry, poem, creation",hematopoiesis,suffix
polio-,having a grey color,"Greek πολῐός ( poliós ), grey, grizzled",poliomyelitis,prefix
poly-,many,"Greek πολῠ́ς ( polús ), many, a lot of, large, great",polymyositis,prefix
por-,"pore, porous","Greek πόρος ( póros ), passage, passageway",osteoporosis,prefix
porphyr-,purple color,"Greek πορφύρα ( porphúra ), Tyrian purple, royal purple",porphyria,prefix
post-,after or behind,"Latin post , after, behind",postprandial; postmortem,prefix
pre-,before in position or time,"Middle English pre- , from Medieval Latin pre- < (Classical) Latin prae- , before, in front of",premature birth,prefix
presby-,old age,"Greek πρέσβυς ( présbus ), old man, elder",presbyopia; presbycusis,prefix
prim-,first or most important,"Latin prīmus , first, most important",primiparous,prefix
pro-,before,"Greek πρό- ( pró- ), before, in front of",prodromal,prefix
proct-,"anus , rectum","Greek πρωκτός ( prōktós ), anus",proctology,prefix
prosop-,face,"Greek πρόσωπον ( prósōpon ), face, visage, mask",prosopagnosia,prefix
prot-,first or most important,"Greek πρωτος ( prōtos ), first; principal, most important",protoplasm,prefix
pseud-,false or fake,"Greek ψεύδω ( pseúdō ), to lie or deceive",pseudoephedrine,prefix
psor-,Itching,"Greek ψώρα ( psṓra ), itch, mange, scurvy",psoriasis,prefix
psych-,of or pertaining to the mind,"Greek ψυχή ( psukhḗ ), breath, life, soul",psychology; psychiatry,prefix
"ptero- , ptery- , pterygo-",Pertaining to a wing,"Greek πτερόν ( pterón ), wing, feather",lateral pterygoid plate,prefix
-ptosis,"falling, drooping, downward placement, prolapse","Greek πτῶσῐς ( ptôsis ), falling",apoptosis; nephroptosis,suffix
"-ptyal- , ptyalo-","saliva, salivary glands",,ptyalolithiasis,suffix
-ptysis,spitting,"Greek πτῡ́ω ( ptū́ō ), to spit up, disgorge; + -σις ( -sis ).",hemoptysis,suffix
"pulmon- , pulmo-",of or relating to the lungs,"Latin pulmō , a lung",pulmonary,prefix
py-,pus,"Greek πύον ( púon ), pus",pyometra,prefix
pyel-,pelvis,"Greek πύελος ( púelos ), pelvis, wash basin",pyelonephritis,prefix
pykno-,to thicken (as the nucleus does in early stages of cell death),"Greek πύκνωσις ( púknōsis ), thickening",pyknosis,prefix
pylor-,gate,"Greek πυλωρός ( pulōrós ), gate keeper; lower orifice of the stomach",pyloric sphincter,prefix
pyr-,fever,"Greek πῦρ , πυρετός ( pûr, puretós ), fire, heat, fever",antipyretic,prefix
quadr(i)-,four,Latin quattuor,quadriceps,prefix
radi-,radiation,"Latin radiō , I radiate, emit beams; from radius , ray of light, spoke of a wheel",radiowave,prefix
radic-,"referring to the beginning, or the root, of a structure, usually a nerve or a vein","Latin rādīx , root",radiculopathy,prefix
re-,"again, back",Latin re-,relapse,prefix
rect-,rectum,"abbr. of New Latin rectum intestinum ('straight intestine') < Latin rēctus , straight",rectal; rectum; rectus femoris,prefix
ren(o)-,of or pertaining to the kidney,"Latin rēn, rēnes , kidney",renal,prefix
reticul(o)-,net,Latin rēticulum,reticulocyte,prefix
retro-,"backward, behind",Latin retro,retroversion,prefix
rhabd(o)-,"rod shaped, striated","Greek ῥᾰ́βδος ( rhábdos ), wand, stick, stripe",rhabdomyolysis,prefix
rhachi(o)-,spine,"Greek ῥάχις ( rhákhis ), spine or backbone",,prefix
rhin(o)-,of or pertaining to the nose,"Greek ῥίς , ῥῑνο- ( rhís, rhīno- ), nose",rhinoceros; rhinoplasty; rhinovirus,prefix
rhod(o)-,denoting a rose-red color,"Greek ῥόδον ( rhódon ), rose",rhodophyte,prefix
"-rrhage , -rrhagia","burst forth, rapid flow (of blood, usually)","Greek -ραγία ( -ragía ), to break, to burst",hemorrhage; menorrhagia,suffix
-rrhaphy,surgical suturing,Greek ῥαφή ( rhaphḗ ),hymenorrhaphy,suffix
-rrhea ( AmE ),"flowing, discharge","Greek ῥοίᾱ ( rhoíā ), flow, flux",galactorrhea; diarrhea,suffix
-rrhexis,rupture,"Greek ῥῆξῐς ( rhêxis ), breaking, bursting, discharge",karyorrhexis,suffix
-rrhoea ( BrE ),"flowing, discharge","Greek ῥοίᾱ ( rhoíā ), flow, flux",diarrhoea,suffix
rubr(o)-,of or pertaining to the red nucleus of the brain,"Latin ruber , red",rubrospinal,prefix
-rupt,break or burst,Latin rumpō,,suffix
salping(o)-,"of or pertaining to tubes, e.g. fallopian tubes","Greek σᾰ́λπῐγξ , σαλπιγγ- , ( sálpinx, salping- ), trumpet",salpingectomy; salpingopharyngeus muscle,prefix
"sangui- , sanguine-",of or pertaining to blood,"Latin sanguis , blood",sanguine,prefix
sapro-,relating to putrefaction or decay,"Greek σαπρός ( saprós ), rotten, putrid",,prefix
sarco-,"muscular, flesh-like","Greek σάρξ ( sárx ), flesh",sarcoma; sarcoidosis,prefix
scapul(o)-,of or pertaining to the scapula,"Latin ( scapula ), shoulder",scapulothoracic; facioscapulohumeral muscular dystrophy,prefix
schist(o)-,"split, cleft","Greek σχῐστός ( skhistós ), cloven, divided",schistocyte,prefix
schiz(o)-,"denoting something ""split"" or ""double-sided""","Greek σχῐ́ζω ( skhízō ), to split, cleave, part",schizophrenia,prefix
scler(o)-,hard,Greek σκληρός ( sklērós ),scleroderma,prefix
-sclerosis,hardening,"Greek σκληρός ( sklērós ), hard, harden; + -σῐς ( -sis ), added to verb stems to form abstract nouns or nouns of action, result or process",atherosclerosis; multiple sclerosis,suffix
scoli(o)-,twisted,"Greek σκολιός ( skoliós ), curved, bent",scoliosis,prefix
-scope,instrument for viewing,"Greek σκόπος ( skópos ), watcher",stethoscope,suffix
-scopy,process of viewing,"Greek σκοπέω ( skopéō ), to look at, behold, examine",endoscopy,suffix
scoto-,darkness,Greek σκότος ( skótos ),scotopic vision,prefix
semi-,"one-half, partly",Latin semi-,,prefix
sial(o)-,"saliva , salivary gland","Latin salīva , saliva.",sialagogue,prefix
sigmoid(o)-,"sigmoid, S-shaped curvature","Greek σιγμοειδής ( sigmoeidḗs ), crescent-shaped, lunate sigma-shaped",sigmoid colon,prefix
sinistr(o)-,"left, left side",Latin sinister,sinistrocardia,prefix
sinus-,of or pertaining to the sinus,"Latin sinus , a curve, bend, hollow cavity, bosom",sinusitis,prefix
sito-,"food, grain",Greek σῖτος ( sîtos ),sitophobia,prefix
"somat(o)- , somatico-","body, bodily",Greek σῶμα ( sôma ),,prefix
-spadias,"slit, fissure","Greek σπάω ( spáō ), break, split",hypospadias; epispadias,suffix
spasmo-,spasm,Greek σπασμός ( spasmós ),Spasmodic dysphonia,prefix
"sperma- , spermo- , spermato-","semen , spermatozoa","Greek σπέρμα ( spérma ), seed, semen",spermatogenesis,prefix
"splanchn(i)- , splanchn(o)-",viscera,"Greek σπλᾰ́γχνον ( splánkhnon ), bowels, guts",splanchnology,prefix
splen(o)-,spleen,"Greek σπλήν , σπλην- ( splḗn, splēn- ), spleen, milt",splenectomy,prefix
spondyl(o)-,"of or pertaining to the spine, the vertebra","Greek σφόνδῠλος / σπόνδυλος ( sphóndulos, spóndulos ), the spine",spondylitis,prefix
squamos(o)-,"denoting something as ""full of scales"" or ""scaly""","Latin squāmōsus , full of scales, scaly",squamous cell,prefix
-stalsis,contraction,"Greek στέλλω ( stéllō ), I dispatch, place, set",peristalsis,suffix
-stasis,"stopping, standing","Greek στᾰ́σῐς ( stásis ), to stand, place, set",cytostasis; homeostasis,suffix
-statin,maintain cholesterol,"Latin (stare), to remain or instill",Statin,suffix
-staxis,"dripping, trickling","Greek στάζω , στακτός ( stázō, staktós ), drip, leak, trickle",epistaxis,suffix
sten(o)-,denoting something as narrow in shape or pertaining to narrowness,"Greek στενός ( stenós ), narrow, short",stenography,prefix
-stenosis,abnormal narrowing of a blood vessel or other tubular organ or structure,"Greek στενός ( stenós ), narrow, short; + -σῐς ( -sis ), added to verb stems to form abstract nouns or nouns of action, result or process",restenosis; stenosis,suffix
steth-,"of or pertaining to the upper chest, the area above the breast and under the neck","Greek στῆθος ( stêthos ), chest, cuirass",stethoscope,prefix
stheno-,"strength, force, power",Greek σθένος ( sthénos ),,prefix
"stom- , stomat-",of or pertaining to the mouth; an artificially created opening [ 11 ],"Greek στόμᾰ , στοματ- ( stóma, stomat- ), mouth",stomatogastric; stomatognathic system,prefix
-stomy,creation of an opening,"New Latin stoma , opening; from Greek στόμᾰ ( stóma )",colostomy,suffix
sub-,"beneath, under",Latin sub,subcutaneous tissue,prefix
super-,"in excess, above, superior",Latin super,superior vena cava,prefix
supra-,"above, excessive",Latin supra,supraorbital vein,prefix
"syl- , sym- , syn- , sys-","indicates similarity, likeness, or being together; assimilates before some consonants: before l to syl- , s to sys- , before a labial consonant to sym-","Greek σῠν- ( sun- ), with, together",synalgia; synesthesia; syssarcosis,prefix
tachy-,"denoting something as fast, irregularly fast","Greek τᾰχῠ́ς ( takhús ), fast, quickly",tachycardia; tachypnea,prefix
"-tension , -tensive",pressure,"Latin tēnsiō , stretching, extension, tension",hypertension,suffix
terato-,Monster,Greek τέρᾰς ( téras ),teratoma,prefix
tetan-,"rigid, tense",Greek τέτανος ( tétanos ),tetanus,prefix
thec-,"case, sheath",Greek θήκη ( thḗkē ),intrathecal,prefix
thel-,of or pertaining to a nipple ( uncommon as a prefix ),"Greek θηλή ( thēlḗ ), a teat, nipple",Theleplasty; thelarche,prefix
thely-,"denoting something as relating to a woman, feminine","Greek θῆλῠς ( thêlus ), female, feminine",Thelygenous,prefix
therap-,treatment,Greek θερᾰπείᾱ ( therapeíā ),hydrotherapy,prefix
therm(o)-,heat,Greek θερμός ( thermós ),hypothermia; thermoregulation,prefix
"thorac(i)- , thorac(o)- , thoracico-","of or pertaining to the upper chest, chest( thorax ); the area above the breast and under the neck","Latin thōrāx < Greek θώρᾱξ ( thṓrāx ), chest, cuirass",thoracic spine,prefix
thromb(o)-,"of or relating to a blood clot, clotting of blood","Greek θρόμβος ( thrómbos ), lump, piece, clot of blood",thrombus; thrombocytopenia,prefix
thyr(o)-,thyroid,"Greek θῠρεός ( thureós ), large oblong shield; + εἶδος ( eîdos ), a form or shape",,prefix
thym-,emotions,"Greek θῡμός ( thūmós ), spirit, soul; courage; breath, mind, emotions",dysthymia,prefix
-tic,pertaining to,"Greek -τῐκός ( -tikós ), adjective-forming suffix denoting: relating to, able to, suited to",,suffix
-tide,"bound to, forming a noun from an adjective by dropping -ic and adding -tide.","Greek - πεπτός ( - peptós ), adjective-forming suffix denoting: bound to, relating to, able to, suited to",Glycopeptide; Nucleotide; Peptide,suffix
toco-,childbirth,Greek τόκος ( tókos ),tocolytic; dystocia,prefix
-tome,cutting instrument,"Greek τομή ( tomḗ ), intersection",osteotome,suffix
-tomy,"act of cutting; incising, incision",Greek τομία ( -tomía ),Gastrotomy; Phlebotomy,suffix
ton-,"tone, tension, pressure","Greek τόνος ( tónos ), rope, cord; tension",Tonicity; Isotonic saline,prefix
-tony,tension,Greek -τονία ( -tonía ),Hypotonia,suffix
top(o)-,"place, topical",Greek τόπος ( tópos ),Topical anesthetic,prefix
tort(i)-,twisted,Latin tortus,Torticollis; Testicular torsion,prefix
"tox(i)- , tox(o)- , toxic(o)-","toxin , poison","Greek τοξικόν ( toxikón ), bow (archery), bow-related; from Greek τοξικόν φάρμᾰκον ( toxikón phármakon ), poison for smearing arrows with",Toxoplasmosis; Toxidrome,prefix
trache(a)-,trachea,"Greek τραχεῖα ( trakheîa ), windpipe",Tracheotomy,prefix
trachel(o)-,of or pertaining to the neck,"Greek τρᾰ́χηλος ( trákhēlos ), neck",Tracheloplasty,prefix
trans-,denoting something as moving or situated across or through,"Latin trāns , across, through",Transfusion,prefix
tri-,three,Latin tri-,Triceps; Trisomy,prefix
"trich(i)- , -trichia , trich(o)-","of or pertaining to hair, hair-like structure","Greek θρῐ́ξ ( thríx ), hair",Trichocyst,suffix
-tripsy,crushing,"Greek τρῖψις ( trípsis ), rubbing, friction",Lithotripsy,suffix
-trophy,"nourishment, development","Greek τροφή ( trophḗ ), food, nourishment",Pseudohypertrophy,suffix
-trop,"turned toward, with an orientation toward, having an affinity for, affecting","Greek τρόπος ( trópos ), a turn, way, manner, style",Geotropic; Phototropic,suffix
tympan(o)-,eardrum,"Greek τῠ́μπᾰνον ( túmpanon ), drum, eardrum",Tympanocentesis; Tensor tympani,prefix
"-ula , -ule",small,Latin,,suffix
ultra-,"beyond, excessive",Latin ultra,ultrasound; ultraviolet,prefix
umbilic-,"of or pertaining to the navel, the umbilicus","Latin umbilīcus , navel, belly-button",umbilical,prefix
ungui-,"of or pertaining to the nail, a claw","Latin unguis , nail, claw",unguiform; ungual,prefix
un(i)-,one,Latin ūnus,unilateral hearing loss,prefix
ur-,"of or pertaining to urine, the urinary system","Greek οὐρέω, οὐρεῖν ( ouréō, oureîn ); οὖρον ( oûron ), urine",antidiuretic; diuretic; dysuria; polyurea; polyuria; uraemia/uremia; urology,prefix
urin-,"of or pertaining to urine, the urinary system","Latin ūrīna , urine < Greek οὖρον ( oûron ), see ur- above.",uriniferous,prefix
uter(o)-,of or pertaining to the uterus or womb,"Latin uterus , womb, uterus",uterus,prefix
vagin-,of or pertaining to the vagina,"Latin vāgīna , sheath, scabbard; vagina",vaginal epithelium,prefix
varic(o)-,swollen or twisted vein,Latin varix,esophageal varices,prefix
vas(o)-,"duct, blood vessel","Latin vās , vessel, dish, vase",vasoconstriction,prefix
vasculo-,blood vessel,Latin vāsculum,cardiovascular,prefix
ven-,"of or pertaining to the veins , venous blood, and the vascular system","Latin vēna , blood-vessel, vein",venule; venospasm,prefix
ventr(o)-,"of or pertaining to the belly, the stomach cavities","Latin venter , belly, stomach, womb",ventrodorsal,prefix
ventricul(o)-,of or pertaining to the ventricles ; any hollow region inside an organ,"Latin ventriculus , the ventricles of the heart, the ventricles of the brain",cardiac ventriculography; atrioventricular node,prefix
-version,turning,Latin versiō,anteversion,suffix
vesic(o)-,of or pertaining to the bladder,"Latin vēsīca , bladder, blister",vesical arteries,prefix
viscer(o)-,"of or pertaining to the internal organs, the viscera","Latin viscus (pl. viscera ), internal organ(s)",viscera,prefix
xanth(o)-,"having a yellow color, especially an abnormally yellow color","Greek ξᾰνθός ( xanthós ), yellow",xanthopathy; xanthelasma,prefix
xen(o)-,"foreign, different","Greek ξένος ( xénos ), foreign, stranger",xenograft,prefix
xer(o)-,"dry, desert-like","Greek ξηρός ( xērós ), dry",xerostomia; xeroderma,prefix
xiph-,sword,"Greek ξῐ́φος ( xíphos ), sword",xiphisternum; xiphoid,prefix
-y,condition or process of,"Latin -ia , from Greek -ῐ́ᾱ , -ειᾰ ( -íā, -eia ), suffixes used to form abstract nouns",surgery,suffix
ze-,boil,"Greek ζέω ( zéō ), to boil, seethe, bubble",eczema,prefix
zo(o)-,"animal, animal life",Greek ζῷον ( zôion ),zoology,prefix
zym(o)-,fermentation,"Greek ζύμη ( zúmē ), leaven, yeast",enzyme; lysozyme,prefix
